,frzr4,frzr2
count,500.0,500.0
mean,-78.9500044597449,-80.04210215244998
std,1.5900010171951708,1.0523668424068848
min,-83.39732654267824,-83.10579454097417
25%,-80.07321876577255,-80.75759984655882
50%,-78.8610374227097,-80.01094764917885
75%,-77.84141845030041,-79.28432767007189
max,-75.04791460132127,-77.13429224453117
